{
	"id": "6351b8bd-476f-4b45-9d50-b2c693855a46",
	"name": "云云对接API 环境",
	"values": [
		{
			"key": "url",
			"value": "https://openapi.tuyacn.com",
			"enabled": true
		},
		{
			"key": "client_id",
			"value": "",
			"enabled": true
		},
		{
			"key": "secret",
			"value": "",
			"enabled": true
		},
		{
			"key": "device_id",
			"value": "",
			"description": {
				"content": "",
				"type": "text/plain"
			},
			"enabled": true
		},
		{
			"key": "schema",
			"value": "",
			"description": {
				"content": "",
				"type": "text/plain"
			},
			"enabled": true
		}
	],
	"_postman_variable_scope": "environment",
	"_postman_exported_at": "2019-01-17T03:35:30.511Z",
	"_postman_exported_using": "Postman/6.7.1"
}